City_ID,City,Lat,Lng,Max Temp,Humidity,Cloudiness,Wind Speed,Country,Date
0,hawaiian paradise park,19.5933,-154.9731,27.15,79,100,4.12,US,1719189071
1,belmonte,-15.8631,-38.8828,22.95,85,28,2.66,BR,1719189071
2,puerto ayora,-0.7393,-90.3518,21.97,95,53,0.89,EC,1719189071
3,san luis de la loma,17.2706,-100.8939,27.35,82,100,1.59,MX,1719189072
4,anzio,41.4853,12.6179,20.25,78,53,2.21,IT,1719189072
5,yellowknife,62.456,-114.3525,20.29,51,75,7.72,CA,1719189073
6,bodaybo,57.8506,114.1933,21.51,73,92,0.31,RU,1719189073
7,polyarnyy,69.1989,33.4478,10.32,75,5,2.86,RU,1719189073
8,enewetak,11.3474,162.3373,28.33,78,9,8.89,MH,1719189073
9,tiksi,71.6872,128.8694,12.09,54,96,4.61,RU,1719189074
10,samalut,28.3121,30.7101,30.92,22,0,2.76,EG,1719189074
11,crane,31.3974,-102.3501,33.93,23,0,6.8,US,1719189074
12,edinburgh of the seven seas,-37.0676,-12.3116,14.22,75,87,9.85,SH,1719189074
13,greymouth,-42.4667,171.2,11.71,75,100,2.41,NZ,1719189075
14,carnarvon,-24.8667,113.6333,16.72,47,0,8.35,AU,1719189075
15,ribeira grande,38.5167,-28.7,21.54,97,12,4.02,PT,1719189075
16,st. john's,47.5649,-52.7093,16.82,73,75,10.29,CA,1719189076
17,grytviken,-54.2811,-36.5092,-4.7,81,47,3.4,GS,1719189076
18,georgetown,5.4112,100.3354,27.96,84,20,1.54,MY,1719189055
19,lubuklinggau,-3.3,102.8667,24.75,68,98,0.4,ID,1719189076
20,uturoa,-16.7333,-151.4333,25.08,67,20,7.4,PF,1719189077
21,santa maria,-29.6842,-53.8069,18.61,94,100,2.57,BR,1719188510
22,ilulissat,69.2167,-51.1,1.01,100,100,2.06,GL,1719189077
23,haiku-pauwela,20.9219,-156.3051,28.45,76,40,10.29,US,1719189077
24,remire-montjoly,4.9167,-52.2667,25.02,94,0,1.03,GF,1719189078
25,anadyr,64.75,177.4833,8.28,71,40,5.0,RU,1719189078
26,lensk,60.7253,114.9278,21.86,38,86,4.75,RU,1719189078
27,colonia,50.9333,6.95,17.37,85,0,1.54,DE,1719189078
28,port-aux-francais,-49.35,70.2167,1.63,66,100,15.21,TF,1719189079
29,invercargill,-46.4,168.35,10.57,97,13,1.34,NZ,1719189037
30,sabang,5.8933,95.3214,29.11,67,100,3.57,ID,1719189079
31,saipan,15.1355,145.701,29.39,79,75,5.66,MP,1719189079
32,west island,-12.1568,96.8225,27.99,78,100,8.75,CC,1719189080
33,road town,18.4167,-64.6167,29.02,84,40,5.66,VG,1719189080
34,tura,25.5198,90.2201,26.07,95,100,2.34,IN,1719189080
35,waitangi,-43.9535,-176.5597,12.12,84,100,3.13,NZ,1719189081
36,szydlowiec,51.2282,20.8611,16.36,73,100,1.69,PL,1719189081
37,olonkinbyen,70.9221,-8.7187,3.18,100,100,1.48,SJ,1719189082
38,axim,4.8699,-2.2405,25.01,91,82,2.38,GH,1719189082
39,koungheul,13.9833,-14.8,31.2,54,96,4.96,SN,1719189082
40,albany,42.6001,-73.9662,26.98,79,100,0.45,US,1719189082
41,avarua,-21.2078,-159.775,24.03,50,20,3.09,CK,1719189083
42,ciudad lazaro cardenas,17.9583,-102.2,27.89,75,97,1.85,MX,1719189083
43,vilyuchinsk,52.9306,158.4028,9.15,86,100,2.63,RU,1719189083
44,yuzhno-kurilsk,44.0306,145.8556,8.75,98,100,5.07,RU,1719189083
45,piet retief,-27.0071,30.8132,4.54,95,0,1.6,ZA,1719189084
46,susuman,62.7833,148.1667,20.39,43,29,0.62,RU,1719189084
47,nagqu,31.5,92.0,7.67,77,96,1.93,CN,1719189084
48,kosh-agach,50.0,88.6667,16.93,56,100,0.51,RU,1719189085
49,aripuana,-9.1667,-60.6333,24.86,53,15,0.65,BR,1719189085
50,longyearbyen,78.2186,15.6401,7.91,76,75,0.0,SJ,1719188897
51,ushuaia,-54.8,-68.3,-4.19,80,0,3.09,AR,1719189085
52,margaret river,-33.95,115.0667,12.16,87,86,3.01,AU,1719188846
53,seryshevo,51.0933,128.3786,23.94,45,58,0.88,RU,1719189086
54,sinop,41.7711,34.8709,18.26,28,0,3.39,TR,1719189086
55,dunedin,-45.8742,170.5036,9.8,96,99,5.82,NZ,1719189038
56,bethel,41.3712,-73.414,27.23,85,40,1.79,US,1719189087
57,constantia,44.1833,28.65,18.38,73,100,2.62,RO,1719189087
58,urengoy,65.9667,78.3667,21.86,57,36,3.47,RU,1719189087
59,cockburn town,21.4612,-71.1419,27.98,83,40,4.12,TC,1719189087
60,weno,7.4515,151.8468,28.78,79,94,7.5,FM,1719189088
61,whitehorse,60.7161,-135.0538,18.9,67,75,2.57,CA,1719189088
62,brush,40.2589,-103.6238,36.62,19,0,4.63,US,1719189088
63,tralee,52.2704,-9.7026,13.97,97,14,2.08,IE,1719189089
64,brookings,44.3114,-96.7984,27.19,66,0,3.6,US,1719189089
65,churapcha,62.0025,132.4325,22.29,36,19,3.17,RU,1719189089
66,balkashino,52.5167,68.7667,18.31,87,9,2.45,KZ,1719189089
67,mlimba,-8.8,35.8167,17.55,66,17,1.36,TZ,1719189090
68,udachny,66.4167,112.4,21.99,37,33,8.45,RU,1719189090
69,suva,-18.1416,178.4415,25.71,73,75,2.57,FJ,1719189090
70,liman,48.9884,37.8023,17.59,97,1,3.28,UA,1719189090
71,turabah,21.2141,41.6331,26.9,20,33,1.94,SA,1719189091
72,la passe,45.5549,-0.8967,17.21,89,0,2.92,FR,1719189091
73,bilibino,68.0546,166.4372,17.5,40,100,2.91,RU,1719189091
74,thompson,55.7435,-97.8558,27.09,28,75,4.12,CA,1719188950
75,hamilton,39.1834,-84.5333,28.87,64,40,5.14,US,1719189092
76,bamboo flat,11.7,92.7167,25.05,100,100,2.06,IN,1719189092
77,kumeny,58.1089,49.9161,8.56,92,27,6.04,RU,1719189092
78,basco,20.4487,121.9702,29.96,79,0,6.84,PH,1719189092
79,port elizabeth,-33.918,25.5701,15.73,71,0,1.34,ZA,1719189093
80,qahderijan,32.5767,51.455,19.53,22,17,0.11,IR,1719189093
81,adamstown,-25.066,-130.1015,22.58,88,100,6.48,PN,1719189093
82,inirida,3.8653,-67.9239,23.87,94,100,0.57,CO,1719189093
83,qaqortoq,60.7167,-46.0333,1.53,95,100,2.09,GL,1719189094
84,nemuro,43.3236,145.575,9.82,99,100,5.46,JP,1719189094
85,nizhnesortymskiy,62.4397,71.7603,20.78,74,6,3.2,RU,1719189094
86,rawlins,41.7911,-107.2387,30.94,11,0,9.77,US,1719189095
87,papatowai,-46.5619,169.4708,10.23,94,100,4.66,NZ,1719189095
88,balqash,46.8481,74.995,26.63,30,24,1.62,KZ,1719189095
89,puerto natales,-51.7236,-72.4875,-1.39,89,100,0.82,CL,1719189095
90,vila franca do campo,37.7167,-25.4333,21.23,99,60,2.75,PT,1719189096
91,namibe,-15.1961,12.1522,20.42,68,0,3.32,AO,1719189097
92,kodiak,57.79,-152.4072,16.73,63,0,2.57,US,1719189097
93,flin flon,54.7682,-101.865,23.82,38,94,4.36,CA,1719189097
94,sint michiel liber,12.15,-68.9833,27.75,84,1,8.34,CW,1719189098
95,tommot,58.9564,126.2925,22.44,49,6,1.74,RU,1719189098
96,misawa,40.6836,141.3597,20.89,99,100,1.81,JP,1719189099
97,aykhal,66.0,111.5,19.79,39,80,6.81,RU,1719188978
98,ugoofaaru,5.6667,73.0,28.35,80,100,7.83,MV,1719189099
99,stanley,54.868,-1.6985,12.51,86,0,2.06,GB,1719189099
100,ust-nera,64.5667,143.2,24.79,31,39,0.37,RU,1719189100
101,mili,6.0815,171.735,28.93,74,47,6.65,MH,1719189100
102,oranjemund,-28.55,16.4333,13.41,88,0,2.84,NA,1719189100
103,alice springs,-23.7,133.8833,11.75,58,0,1.54,AU,1719189101
104,isafjordur,66.0755,-23.124,4.85,80,44,2.43,IS,1719189101
105,targovishte,43.2592,26.5892,15.02,85,80,1.72,BG,1719189101
106,grand falls-windsor,48.9332,-55.6649,18.06,69,100,0.89,CA,1719189101
107,kolonia,50.9333,6.95,17.37,85,0,1.54,DE,1719189078
108,portland,45.5234,-122.6762,22.02,57,75,4.63,US,1719188734
109,marquette,46.5333,-87.6335,19.69,88,100,2.23,US,1719189103
110,ust-tsilma,65.441,52.1498,6.98,94,100,2.07,RU,1719189103
111,egilsstadir,65.2653,-14.3948,9.95,66,0,3.6,IS,1719189103
112,la gi,10.6667,107.7833,27.92,75,100,4.97,VN,1719189103
113,wailua homesteads,22.0669,-159.378,31.24,83,75,8.23,US,1719189104
114,san antonio de pale,-1.4014,5.6325,23.56,87,100,5.52,GQ,1719189104
115,iqaluit,63.7506,-68.5145,0.85,93,100,1.03,CA,1719189104
116,huron,41.1501,-82.5499,25.54,74,93,4.65,US,1719189105
117,rongelap,11.1635,166.8941,28.28,78,62,9.63,MH,1719189105
118,qamdo,31.1667,97.2333,10.24,74,100,1.95,CN,1719189105
119,ponta delgada,37.7333,-25.6667,21.4,78,75,3.09,PT,1719189105
120,chonchi,-42.6128,-73.8092,5.56,96,49,1.78,CL,1719189106
121,staroyur'yevo,53.3161,40.7081,15.34,80,100,2.09,RU,1719189106
122,pivijay,10.4617,-74.6162,26.29,85,9,3.1,CO,1719189106
123,westport,41.1415,-73.3579,28.4,73,75,5.66,US,1719189016
124,mount pearl,47.5166,-52.7813,16.36,71,75,10.29,CA,1719189007
125,port mathurin,-19.6833,63.4167,23.05,75,13,10.12,MU,1719189107
126,kenai,60.5544,-151.2583,22.23,66,0,4.63,US,1719188872
127,lorengau,-2.0226,147.2712,29.88,69,100,3.46,PG,1719189108
128,amga,60.8953,131.9608,23.46,30,65,2.33,RU,1719189108
129,cambria,35.5641,-121.0808,36.24,64,23,2.77,US,1719189109
130,papao,-17.75,-149.55,26.82,71,34,6.46,PF,1719189109
131,dehdasht,30.7949,50.5646,30.34,21,59,1.58,IR,1719189109
132,iskateley,67.6803,53.1512,8.81,77,99,3.38,RU,1719189109
133,poxoreo,-15.8372,-54.3892,22.76,49,8,1.98,BR,1719189110
134,dangriga,16.9692,-88.2321,27.97,84,100,5.45,BZ,1719189110
135,cabo san lucas,22.8909,-109.9124,32.32,47,0,6.17,MX,1719189029
136,el abiodh sidi cheikh,32.893,0.5484,26.34,20,0,3.51,DZ,1719189110
137,montgomery,39.1501,-77.1997,32.68,69,100,1.54,US,1719189111
138,pandan,14.0453,124.1694,28.13,83,99,4.48,PH,1719189111
139,klaksvik,62.2266,-6.589,9.51,98,100,13.24,FO,1719189111
140,channagiri,14.0333,75.9333,21.78,86,100,8.52,IN,1719189112
141,thunder bay,48.4001,-89.3168,21.95,64,20,3.6,CA,1719189112
142,petropavlovsk-kamchatsky,53.0452,158.6483,8.33,76,75,4.0,RU,1719189112
143,staroaleyskoye,51.0061,82.0,22.72,77,64,2.14,RU,1719189112
144,pathum thani,14.0833,100.6,29.44,84,20,2.06,TH,1719189113
145,gongzhuling,43.5008,124.8198,14.15,93,100,3.86,CN,1719189113
146,kerikeri,-35.2268,173.9474,12.73,95,100,1.01,NZ,1719189113
147,bredasdorp,-34.5322,20.0403,12.1,81,6,1.78,ZA,1719189113
148,sisimiut,66.9395,-53.6735,3.83,86,96,3.0,GL,1719189114
149,figuig (centre),32.1089,-1.2286,28.2,14,0,1.47,MA,1719189114
150,college,64.8569,-147.8028,27.47,24,75,2.06,US,1719189114
151,kumylzhenskaya,49.8809,42.5898,17.77,80,99,3.33,RU,1719189114
152,lebu,-37.6167,-73.65,7.04,87,9,2.62,CL,1719189115
153,odda,60.0691,6.5457,10.98,94,14,1.19,NO,1719189115
154,labytnangi,66.6572,66.4183,12.58,64,68,5.6,RU,1719189115
155,tazovsky,67.4667,78.7,14.99,73,27,0.79,RU,1719189116
156,revda,56.801,59.9303,15.16,98,75,2.79,RU,1719189116
157,urzhar,47.093,81.6294,27.14,40,82,1.18,KZ,1719189116
158,natal,-5.795,-35.2094,24.36,94,75,1.54,BR,1719189116
159,blackmans bay,-43.0167,147.3167,7.07,95,61,3.63,AU,1719189117
160,yemva,62.59,50.8594,7.4,79,37,2.36,RU,1719189117
161,opuwo,-18.0607,13.84,13.9,34,0,3.77,NA,1719189117
162,khorinsk,52.1657,109.7726,21.21,51,92,1.18,RU,1719189117
163,berriane,32.8265,3.7669,29.45,25,0,3.82,DZ,1719189118
164,carahue,-38.7,-73.1667,5.45,94,95,0.97,CL,1719189118
165,queenstown,-31.8976,26.8753,10.64,56,0,2.57,ZA,1719189118
166,afaahiti,-17.75,-149.2833,25.93,71,35,7.89,PF,1719189118
167,englewood,39.6478,-104.9878,35.48,19,40,2.57,US,1719189119
168,bel ombre,-4.6167,55.4167,26.91,78,40,4.63,SC,1719189119
169,new norfolk,-42.7826,147.0587,7.73,73,100,1.36,AU,1719189119
170,klyuchi,52.2667,79.1667,25.84,65,40,4.4,RU,1719189120
171,trimbak,19.9333,73.55,22.04,93,100,1.93,IN,1719189120
172,bodo,67.28,14.405,11.54,93,75,11.83,NO,1719189120
173,ulladulla,-35.35,150.4667,13.58,50,94,0.89,AU,1719189120
174,al jawf,29.5,38.75,25.18,34,0,2.23,SA,1719189121
175,talnakh,69.4865,88.3972,12.9,84,100,2.92,RU,1719189121
176,tame,6.461,-71.73,22.63,88,100,1.29,CO,1719189121
177,zinder,13.8072,8.9881,28.23,53,3,6.07,NE,1719189121
178,clarion,41.2148,-79.3853,23.82,90,12,2.9,US,1719189122
179,mirnyy,62.5353,113.9611,20.39,40,11,3.07,RU,1719189041
180,punta arenas,-53.15,-70.9167,-7.94,93,0,2.57,CL,1719189122
181,la sarre,48.8002,-79.1996,16.21,86,99,2.81,CA,1719189123
182,cascais,38.6979,-9.4215,21.14,80,98,5.81,PT,1719189123
183,banjar,-8.19,114.9675,26.64,82,75,2.47,ID,1719189123
184,kahna nau,31.3692,74.3653,30.02,51,0,3.09,PK,1719189123
185,kavaratti,10.5669,72.642,27.17,83,92,10.19,IN,1719189124
186,bangui,4.3612,18.555,23.1,94,0,0.51,CF,1719189124
187,bireun,5.203,96.7009,26.27,76,100,1.84,ID,1719189124
188,ancud,-41.8697,-73.8203,6.3,90,71,4.93,CL,1719189124
189,alofi,-19.0595,-169.9187,25.94,50,20,7.2,NU,1719189125
190,karratha,-20.7377,116.8463,22.71,37,5,8.6,AU,1719189125
191,monrovia,6.3005,-10.7969,24.87,91,100,4.17,LR,1719189125
192,ebon,4.582,168.6964,29.03,77,97,7.74,MH,1719189126
193,rimouski,48.4488,-68.524,15.1,95,100,2.16,CA,1719189126
194,vuktyl,63.8567,57.3094,13.65,70,100,2.61,RU,1719189126
195,nova sintra,14.8667,-24.7167,23.54,82,7,6.37,CV,1719189126
196,hermanus,-34.4187,19.2345,11.56,75,4,1.76,ZA,1719189127
197,phan rang-thap cham,11.5667,108.9833,27.49,72,100,2.46,VN,1719189127
198,rikaze,29.25,88.8833,13.66,58,97,1.62,CN,1719189127
199,maradi,13.5,7.1017,26.25,67,99,9.11,NE,1719189128
200,mukalla,14.5425,49.1242,29.49,68,100,2.12,YE,1719189128
201,xiazhuang,34.9161,118.6389,28.9,34,100,4.41,CN,1719189128
202,kargasok,59.0556,80.8572,21.07,79,74,3.04,RU,1719189129
203,talodi,10.6325,30.3797,24.88,65,100,2.14,SD,1719189129
204,plastun,44.7561,136.2939,9.56,97,100,2.65,RU,1719189129
205,lakheri,25.6667,76.1667,32.04,56,8,2.5,IN,1719189129
206,kone,-21.0595,164.8658,28.41,49,99,3.18,NC,1719189130
207,sao paulo de olivenca,-3.3783,-68.8725,23.74,91,11,0.7,BR,1719189130
208,viet tri,21.3019,105.4308,26.97,76,100,3.42,VN,1719189130
209,tarawa,1.419,172.984,31.05,74,20,2.57,KI,1719189130
210,dondo,-19.6094,34.7431,18.73,93,90,3.19,MZ,1719189131
211,saint-francois,46.4154,3.9054,14.82,88,0,3.09,FR,1719189131
212,ngereklmadel,7.4883,134.4856,32.05,74,75,3.6,PW,1719189131
213,wynyard,-41.0,145.7167,12.12,68,100,4.3,AU,1719189131
214,newman,37.3138,-121.0208,42.13,9,0,6.15,US,1719189132
215,el granada,37.5027,-122.4694,34.95,77,0,9.77,US,1719189132
216,fortuna,40.5982,-124.1573,17.19,74,75,6.17,US,1719189133
217,rawai,7.7797,98.3253,25.06,71,100,6.04,TH,1719189133
218,port saint john's,-31.6229,29.5448,17.18,65,0,3.14,ZA,1719189133
219,hadibu,12.65,54.0333,27.73,81,100,10.51,YE,1719189133
220,lihue,21.9789,-159.3672,31.58,78,75,8.23,US,1719189134
221,aasiaat,68.7098,-52.8699,2.53,87,100,3.34,GL,1719189134
222,garoowe,8.4054,48.4845,24.43,70,100,12.61,SO,1719189134
223,ar ruways,24.1103,52.7306,31.91,78,0,4.13,AE,1719189135
224,wainwright,52.839,-110.8572,17.2,84,100,9.33,CA,1719189135
225,banfora,10.6333,-4.7667,26.41,74,24,1.64,BF,1719189135
226,touros,-5.1989,-35.4608,24.19,88,9,4.85,BR,1719189135
227,yen bai,21.7,104.8667,27.93,89,100,0.78,VN,1719189136
228,tindouf,27.6711,-8.1474,29.25,39,0,7.72,DZ,1719189136
229,daru,-9.0763,143.2092,25.9,90,82,5.66,PG,1719189136
230,lompoc,34.6391,-120.4579,28.77,57,0,5.66,US,1719189039
231,laguna,38.421,-121.4238,40.05,22,0,4.63,US,1719189136
232,fortaleza,-3.7227,-38.5247,25.68,88,40,4.12,BR,1719189137
233,boa vista,2.8197,-60.6733,26.99,83,40,2.06,BR,1719189137
234,jurbarkas,55.0778,22.7664,13.5,98,100,2.41,LT,1719189137
235,kikwit,-5.041,18.8162,21.41,61,79,0.79,CD,1719189138
236,kapa'a,22.0752,-159.319,31.99,83,75,8.23,US,1719189138
237,port nelson,23.6333,-74.8333,27.9,76,85,7.42,BS,1719189138
238,juneau,58.3019,-134.4197,16.9,89,100,5.14,US,1719188842
239,baardheere,2.3446,42.2764,23.54,81,100,6.25,SO,1719189139
240,veraval,20.9,70.3667,28.34,76,100,4.5,IN,1719189139
241,manhattan,40.7834,-73.9662,32.81,56,20,8.75,US,1719189139
242,azemmour,33.2895,-8.3425,20.23,89,0,4.21,MA,1719189139
243,acapulco de juarez,16.8634,-99.8901,29.9,70,40,2.06,MX,1719189140
244,vila do maio,15.1333,-23.2167,23.44,83,57,7.63,CV,1719189140
245,lucea,18.451,-78.1736,26.92,94,100,5.35,JM,1719189140
246,roanoke,37.271,-79.9414,30.36,60,100,1.75,US,1719189140
247,dalican,6.9667,124.4,28.69,76,100,1.0,PH,1719189141
248,lamu,-2.2717,40.902,25.2,80,100,8.59,KE,1719189141
249,goma,-1.6792,29.2228,16.36,81,92,1.48,CD,1719189141
250,gao,16.6362,1.637,32.69,32,83,3.66,ML,1719189142
251,whakatane,-37.9585,176.9854,14.32,95,100,1.79,NZ,1719189142
252,saquarema,-22.92,-42.5103,22.25,66,0,3.36,BR,1719189142
253,broken hill,-31.95,141.4333,10.85,54,100,7.49,AU,1719188991
254,richards bay,-28.783,32.0377,15.63,79,0,2.69,ZA,1719189143
255,fale old settlement,-9.3852,-171.2468,27.9,79,98,9.73,TK,1719189143
256,nova vicosa,-17.8919,-39.3719,22.61,89,32,2.97,BR,1719189143
257,selfoss,63.9331,-20.9971,7.8,85,100,2.92,IS,1719189144
258,galliano,29.4422,-90.2992,31.0,62,0,1.54,US,1719189144
259,kruisfontein,-34.0033,24.7314,12.81,68,0,0.66,ZA,1719189145
260,margate,51.3813,1.3862,17.05,79,95,0.89,GB,1719189145
261,suining,30.508,105.5733,25.58,81,100,0.8,CN,1719189145
262,kabare,-2.4683,28.8242,14.74,92,95,0.48,CD,1719189145
263,nizhneudinsk,54.9076,99.0276,16.12,66,0,1.19,RU,1719189146
264,shawinigan,46.5668,-72.7491,16.23,94,100,2.57,CA,1719189146
265,peniche,39.3558,-9.3811,18.49,93,23,6.87,PT,1719189146
266,hami,42.8,93.45,31.94,9,0,3.88,CN,1719189147
267,inhambane,-23.865,35.3833,20.75,81,54,3.88,MZ,1719189147
268,atafu village,-8.5421,-172.5159,28.01,79,98,8.57,TK,1719189147
269,kingston,17.997,-76.7936,28.53,74,20,5.66,JM,1719189148
270,el tigre,8.8875,-64.2454,24.55,88,100,3.55,VE,1719189148
271,katsuren-haebaru,26.3369,127.8719,31.43,76,0,6.69,JP,1719189149
272,guerrero negro,27.9769,-114.0611,22.42,66,3,7.42,MX,1719189149
273,kirakira,-10.4544,161.9205,28.57,78,99,4.08,SB,1719189149
274,flying fish cove,-10.4217,105.6791,25.82,83,75,6.69,CX,1719189150
275,kalmunai,7.4167,81.8167,26.94,73,76,1.99,LK,1719189150
276,brokopondo,4.75,-55.1667,25.75,86,100,2.97,SR,1719189150
277,luderitz,-26.6481,15.1594,17.57,52,0,3.77,NA,1719189150
278,namsos,64.4662,11.4957,11.95,71,100,6.17,NO,1719189151
279,mochudi,-24.4167,26.15,9.77,78,0,1.28,BW,1719189151
280,juhaynah,26.6732,31.4976,29.18,19,0,1.39,EG,1719189151
281,medina,24.4686,39.6142,36.24,7,0,5.14,SA,1719189151
282,port douglas,-16.4833,145.4667,23.59,72,78,5.31,AU,1719189152
283,severo-yeniseyskiy,60.3725,93.0408,15.5,64,6,3.29,RU,1719189152
284,severoural'sk,60.1533,59.952,14.59,99,100,2.81,RU,1719189153
285,wildwood,38.5828,-90.6629,32.28,46,0,4.12,US,1719189153
286,ola,59.5833,151.2833,9.97,85,88,2.93,RU,1719189153
287,jiuquan,39.7432,98.5174,22.43,26,0,4.15,CN,1719189153
288,asbestos,45.7668,-71.9324,22.75,99,100,1.17,CA,1719189154
289,dawesville,30.9224,-84.0091,35.23,52,0,4.12,US,1719189154
290,slavutych,51.5196,30.7343,14.55,88,0,3.04,UA,1719189154
291,kindu,-2.95,25.95,22.72,68,54,0.29,CD,1719189155
292,nicoya,10.1483,-85.452,24.97,92,100,0.81,CR,1719189155
293,paranaiba,-19.6772,-51.1908,22.64,41,0,3.04,BR,1719189155
294,bac kan,22.1333,105.8333,27.27,93,100,0.79,VN,1719189155
295,bay harbor,30.1471,-85.6146,29.97,76,0,5.66,US,1719189156
296,frontera,26.9333,-101.45,29.38,59,57,1.79,MX,1719189156
297,trairi,-3.2778,-39.2689,25.64,82,100,4.39,BR,1719189156
298,badger,64.8,-147.5333,27.77,23,40,2.06,US,1719188874
299,mahina,-17.5065,-149.489,26.87,65,20,9.77,PF,1719189157
300,port alfred,-33.5906,26.891,19.3,50,0,2.38,ZA,1719189157
301,qui nhon,13.7667,109.2333,27.53,71,100,2.7,VN,1719189089
302,parintins,-2.6283,-56.7358,25.7,74,47,0.93,BR,1719189157
303,geraldton,-28.7667,114.6,9.23,87,0,2.57,AU,1719189019
304,prineville,44.2999,-120.8345,29.39,9,0,7.72,US,1719189158
305,watertown,42.3709,-71.1828,27.45,77,0,7.72,US,1719189158
306,okha,53.5739,142.9478,12.64,69,7,7.4,RU,1719189158
307,sidi ifni,29.3797,-10.173,20.86,90,40,1.36,MA,1719189159
308,sandpoint,48.2766,-116.5533,25.81,36,0,5.14,US,1719188865
309,ostersund,63.1792,14.6357,9.25,89,40,2.57,SE,1719189159
310,happy valley-goose bay,53.3168,-60.3315,19.17,27,20,3.6,CA,1719189159
311,kirkland lake,48.1446,-80.0377,19.16,72,43,1.03,CA,1719189160
312,labuan bajo,-8.4964,119.8877,27.23,66,59,1.79,ID,1719189160
313,pionerskiy,54.9508,20.2275,14.91,86,100,8.13,RU,1719189160
314,gisborne,-38.6533,178.0042,13.48,85,47,0.38,NZ,1719189161
315,alghero,40.5589,8.3181,17.05,88,0,1.03,IT,1719189161
316,alaghsas,17.0187,8.0168,29.62,42,100,4.52,NE,1719189161
317,kuluncak,38.8828,37.6728,17.91,58,0,3.5,TR,1719189161
318,hasaki,35.7333,140.8333,27.22,84,56,0.93,JP,1719189162
319,nar'yan-mar,67.6713,53.087,8.5,78,98,3.34,RU,1719189162
320,luwuk,-0.9516,122.7875,25.8,76,51,1.89,ID,1719189162
321,birjand,32.8663,59.2211,22.26,30,0,3.09,IR,1719189163
322,sanga-sanga,5.0725,119.7853,27.33,80,99,6.77,PH,1719189163
323,sorong,-0.8833,131.25,27.39,81,40,3.6,ID,1719189163
324,keflavik,64.0049,-22.5624,8.95,93,40,4.63,IS,1719189163
325,hammerfest,70.6634,23.6821,11.25,87,75,2.06,NO,1719189164
326,villa gesell,-37.2639,-56.973,6.7,65,4,8.46,AR,1719189164
327,ratnagiri,16.9833,73.3,26.69,87,91,2.3,IN,1719189164
328,gaspe,48.8334,-64.4819,15.12,88,100,1.03,CA,1719189164
329,guiberoua,6.2392,-6.1727,22.18,100,90,1.44,CI,1719189165
330,tocopilla,-22.092,-70.1979,17.52,78,0,2.11,CL,1719189165
331,altai,46.3722,96.2583,20.13,21,100,4.77,MN,1719189165
332,linhares,-19.3911,-40.0722,20.28,95,1,1.33,BR,1719189165
333,fort mcmurray,56.7268,-111.381,22.73,60,20,6.17,CA,1719189068
334,tank,32.2217,70.3793,34.32,27,5,1.76,PK,1719189166
335,vejle,55.7093,9.5357,14.42,97,9,3.47,DK,1719189166
336,melfi,40.9965,15.6514,15.27,82,11,2.6,IT,1719189166
337,copiapo,-27.3667,-70.3333,10.83,54,100,0.5,CL,1719189167
338,charleston,32.7766,-79.9309,29.45,86,40,5.14,US,1719189144
339,loen,7.7601,168.2307,28.22,81,28,8.33,MH,1719189168
340,pitimbu,-7.4706,-34.8086,24.33,82,19,4.92,BR,1719189168
341,jamestown,42.097,-79.2353,21.77,94,100,7.2,US,1719189142
342,novomyrhorod,48.7811,31.642,16.24,95,100,3.29,UA,1719189168
343,minas de marcona,-15.2119,-75.1103,12.27,87,43,6.21,PE,1719189169
344,freetown,8.484,-13.2299,26.12,85,100,2.07,SL,1719189169
345,badiyah,22.45,58.8,32.27,44,100,2.56,OM,1719189169
346,lae,-6.7221,146.9847,28.37,69,21,2.54,PG,1719189170
347,east london,-33.0153,27.9116,19.13,46,0,3.16,ZA,1719189170
348,sikonge,-5.6333,32.7667,14.65,56,100,2.53,TZ,1719189170
349,baotou,40.6522,109.8222,20.01,31,0,1.55,CN,1719189171
350,paoua,7.2427,16.4406,21.31,91,100,1.7,CF,1719189171
351,utrik,11.2278,169.8474,27.92,80,33,9.5,MH,1719189171
352,chilaw,7.5758,79.7953,28.01,85,70,10.84,LK,1719189172
353,brisas de zicatela,15.8369,-97.0419,29.29,79,40,3.09,MX,1719189172
354,tolanaro,-25.0319,46.9987,20.04,83,75,8.23,MG,1719189172
355,farah,32.5,62.5,27.32,24,0,3.22,AF,1719189172
356,grand baie,-20.0182,57.5802,23.26,71,1,2.24,MU,1719189173
357,quartu sant'elena,39.2419,9.1839,19.44,70,0,1.54,IT,1719189173
358,hithadhoo,-0.6,73.0833,28.5,75,0,2.52,MV,1719189173
359,ta`u,-14.2336,-169.5144,26.43,62,78,9.22,AS,1719189173
360,codrington,-38.2667,141.9667,12.03,56,98,9.26,AU,1719189174
361,salekhard,66.53,66.6019,12.17,65,97,5.5,RU,1719189174
362,mugia,43.1041,-9.2179,20.09,94,96,7.89,ES,1719189174
363,stara zagora,42.4328,25.6419,17.18,77,91,1.77,BG,1719189174
364,gambiran satu,-8.3939,114.1464,22.25,100,100,0.08,ID,1719189175
365,n'zeto,-7.2312,12.8666,22.13,90,100,1.83,AO,1719189175
366,al ghayzah,16.2079,52.176,28.12,81,100,2.17,YE,1719189175
367,eirunepe,-6.6603,-69.8736,26.64,69,67,1.29,BR,1719189175
368,agat village,13.3886,144.6585,31.52,76,20,7.2,GU,1719189176
369,nikolayevsk-on-amure,53.1406,140.73,20.1,48,4,2.83,RU,1719189177
370,yulinshi,38.2906,109.7494,20.68,32,0,5.87,CN,1719189177
371,kotabumi,-4.8333,104.9,25.67,76,100,2.15,ID,1719189177
372,boke,10.9409,-14.2967,25.31,93,100,1.22,GN,1719189178
373,lata,40.1629,-8.3327,19.95,89,86,0.6,PT,1719189178
374,las animas,-39.8087,-73.2182,6.08,100,100,0.82,CL,1719189178
375,dolores,-36.3132,-57.6792,6.32,68,5,4.65,AR,1719189179
376,kampong cham,11.9934,105.4635,25.58,81,100,4.63,KH,1719189179
377,tateyama,34.9833,139.8667,25.63,84,74,5.97,JP,1719189179
378,dudinka,69.4058,86.1778,14.21,85,100,2.72,RU,1719189179
379,kudahuvadhoo,2.6708,72.8944,28.56,76,98,4.37,MV,1719189180
380,vegreville,53.5001,-112.0518,26.17,38,100,3.6,CA,1719189180
381,chanika,-5.4167,38.0167,14.59,96,10,1.26,TZ,1719189180
382,nevada,39.2502,-116.7512,27.81,10,5,8.86,US,1719189181
383,katerini,40.2719,22.5025,25.54,74,0,0.67,GR,1719189181
384,saldanha,-33.0117,17.9442,10.03,90,0,2.55,ZA,1719189181
385,fuerte olimpo,-21.0415,-57.8738,27.68,38,2,2.48,PY,1719189181
386,balancan,17.8,-91.5333,25.23,88,100,2.02,MX,1719189182
387,walla walla,46.0646,-118.343,28.43,25,0,6.17,US,1719188922
388,tanjung sepat,2.6579,101.5629,30.05,91,20,0.51,MY,1719189182
389,gasa,31.5,34.4667,24.85,81,0,2.79,PS,1719189182
390,pointe-noire,-4.7761,11.8635,22.04,94,20,1.54,CG,1719189183
391,longmen,24.9597,118.0889,30.34,70,100,2.09,CN,1719189183
392,upington,-28.4478,21.2561,13.21,38,0,3.6,ZA,1719189183
393,arar,30.9753,41.0381,29.01,21,0,3.09,SA,1719189183
394,calchaqui,-29.8877,-60.287,13.64,61,99,5.68,AR,1719189184
395,vernon,50.2581,-119.2691,24.34,28,19,2.57,CA,1719188953
396,east ballina,-28.8667,153.5833,16.09,71,23,4.77,AU,1719189184
397,akrehamn,59.2667,5.1833,11.67,82,0,2.57,NO,1719189184
398,markala,13.7021,-6.0659,33.24,45,0,4.21,ML,1719189185
399,betafo,-19.8333,46.85,9.25,90,23,2.83,MG,1719189185
400,persembe,41.0656,37.7714,18.68,84,44,1.13,TR,1719189185
401,pine ridge,28.9383,-82.4734,28.99,74,0,0.0,US,1719189186
402,tofol,5.3248,163.0078,30.88,70,75,5.14,FM,1719189186
403,lospalos,-8.5186,127.0025,24.3,69,47,4.61,TL,1719189186
404,kulhudhuffushi,6.6221,73.07,28.34,81,100,7.92,MV,1719189187
405,petauke,-14.2426,31.3253,13.73,80,0,5.27,ZM,1719189187
406,kovdor,67.5662,30.4758,13.63,70,100,1.56,RU,1719189187
407,yekaterinoslavka,50.3734,129.1139,20.98,55,30,3.0,RU,1719189187
408,ayaviri,-14.8864,-70.5889,7.19,54,0,1.41,PE,1719189188
409,bonthe,7.5264,-12.505,25.3,90,83,2.07,SL,1719189188
410,wewak,-3.5534,143.6268,29.15,73,100,2.97,PG,1719189188
411,ginir,7.1333,40.7,13.01,83,95,3.64,ET,1719189189
412,hillsborough,37.5741,-122.3794,34.6,76,20,9.77,US,1719189189
413,jamai,22.2,78.5833,24.5,81,0,1.41,IN,1719189189
414,albertina,-22.2008,-46.6158,16.51,62,0,2.88,BR,1719189189
415,zaozersk,69.4005,32.4476,9.55,80,8,1.16,RU,1719189190
416,yeppoon,-23.1333,150.7333,19.03,56,8,3.94,AU,1719189190
417,ad dabbah,18.05,30.95,32.57,13,89,3.51,SD,1719189190
418,cannonvale,-20.2833,148.7,21.44,57,0,5.6,AU,1719189190
419,yoloten,37.2989,62.3597,25.76,49,100,0.87,TM,1719189191
420,shalkar,47.8288,59.6258,18.38,49,21,7.93,KZ,1719189191
421,klyavlino,54.2649,52.0267,12.2,91,100,9.01,RU,1719189191
422,bubaque,11.2833,-15.8333,27.22,84,74,3.9,GW,1719189191
423,braniewo,54.3797,19.8196,15.71,84,100,7.19,PL,1719189192
424,kapuskasing,49.4169,-82.4331,25.05,35,75,3.09,CA,1719189192
425,waiuku,-37.25,174.75,13.72,66,100,1.15,NZ,1719189192
426,nogliki,51.8333,143.1667,11.6,71,1,6.75,RU,1719189193
427,porto novo,6.4965,2.6036,25.59,89,100,3.1,BJ,1719189193
428,faya-largeau,17.9257,19.1043,34.06,12,28,5.33,TD,1719189193
429,groningen,53.25,6.75,14.53,90,5,1.03,NL,1719189194
430,bima,-8.4667,118.7167,26.49,75,96,2.78,ID,1719189194
431,navia,43.5354,-6.7194,16.88,96,99,1.26,ES,1719189194
432,alliance,40.9153,-81.1059,26.12,90,2,4.03,US,1719189158
433,veliki preslav,43.1667,26.8167,15.23,83,100,0.67,BG,1719189195
434,wingham,43.8879,-81.3114,18.55,82,37,7.85,CA,1719189195
435,seydi,39.4816,62.9137,26.55,28,21,3.82,TM,1719189195
436,yaren,-0.5472,166.916,28.75,73,41,3.69,NR,1719189196
437,port lincoln,-34.7333,135.8667,13.56,65,100,6.92,AU,1719189196
438,jamaame,0.0697,42.745,24.22,82,99,5.04,SO,1719189196
439,kitimat,54.0524,-128.6534,18.21,77,91,2.85,CA,1719189115
440,gorlice,49.6556,21.1604,15.66,96,24,1.42,PL,1719189197
441,fort wellington,6.4,-57.6,25.52,88,100,3.75,GY,1719189197
442,misratah,32.3754,15.0925,23.75,73,0,2.57,LY,1719189197
443,gornozavodsk,58.3758,58.3211,16.71,98,100,3.65,RU,1719189197
444,miri,4.4148,114.0089,27.08,83,20,2.57,MY,1719189198
445,wanganui,-39.9333,175.05,14.15,59,51,0.92,NZ,1719189198
446,wicklow,53.0,-6.4167,15.24,89,24,0.66,IE,1719189198
447,vila velha,-20.3297,-40.2925,23.97,78,75,5.66,BR,1719189199
448,pagar alam,-4.0167,103.2667,23.73,69,94,0.56,ID,1719189199
449,kiunga,-6.1219,141.2906,25.71,95,88,1.39,PG,1719189199
450,meadow lake,34.8014,-106.5436,30.21,50,100,10.72,US,1719189199
451,pacific grove,36.6177,-121.9166,25.3,86,0,5.66,US,1719189081
452,kristinestad,62.2743,21.376,12.83,91,66,1.26,FI,1719189200
453,nuku'alofa,-21.1333,-175.2,25.19,61,20,6.69,TO,1719189200
454,agdam,39.991,46.9274,20.52,74,0,1.51,AZ,1719189200
455,lagunas,-5.2269,-75.6753,25.93,73,21,1.42,PE,1719189201
456,banaz,38.7371,29.7519,21.6,37,0,3.67,TR,1719189201
457,mossel bay,-34.1831,22.146,11.96,79,0,0.67,ZA,1719189202
458,campo grande,-20.4428,-54.6464,23.75,60,0,3.09,BR,1719189202
459,miraflores de la sierra,40.8155,-3.7621,18.94,76,0,1.43,ES,1719189202
460,kakanj,44.1272,18.1181,21.66,98,100,1.49,BA,1719189202
461,prince rupert,54.3161,-130.3201,14.83,94,100,3.09,CA,1719189203
462,atasu,48.6814,71.6433,23.22,54,100,2.75,KZ,1719189203
463,tarko-sale,64.9225,77.785,22.04,57,35,4.11,RU,1719189203
464,newport,51.5877,-2.9984,16.92,91,12,1.73,GB,1719189203
465,ceylanpinar,36.8472,40.05,27.42,25,0,2.1,TR,1719189204
466,usinsk,65.9939,57.5281,13.6,77,100,3.24,RU,1719189204
467,sitka,57.0531,-135.33,12.94,88,75,2.57,US,1719189204
468,bileca,42.8719,18.4297,18.94,89,0,2.43,BA,1719189205
469,mezhdurechenskiy,59.6,65.9333,19.52,84,100,3.02,RU,1719189205
470,vorgashor,67.5833,63.95,13.45,59,100,1.92,RU,1719189205
471,malango,-2.9627,119.9001,23.85,80,86,1.24,ID,1719189205
472,rehburg-loccum,52.4667,9.2,16.71,85,40,0.0,DE,1719189206
473,suratgarh,29.3167,73.9,35.52,28,100,3.46,IN,1719189206
474,holualoa,19.6228,-155.9522,26.97,83,40,5.14,US,1719189198
475,puerto lempira,15.2667,-83.7667,26.08,78,40,0.0,HN,1719189206
476,horsham,51.064,-0.3272,18.34,80,75,0.51,GB,1719189207
477,achit,56.7985,57.8994,16.22,97,98,1.81,RU,1719189207
478,ruwandiz,36.6163,44.5311,25.26,36,1,2.2,IQ,1719189207
479,brasileia,-11.0161,-68.7481,28.67,49,93,1.07,BR,1719189208
480,okhotsk,59.3833,143.3,11.98,77,61,3.23,RU,1719189208
481,suksun,57.1431,57.3949,16.61,98,98,3.67,RU,1719189208
482,san patricio,28.017,-97.5169,32.05,76,1,4.02,US,1719189209
483,kalianget,-7.05,113.9333,29.41,75,100,6.17,ID,1719189209
484,biltine,14.5333,20.9167,27.0,66,100,8.54,TD,1719189209
485,labrador city,52.9463,-66.9114,16.95,36,40,3.6,CA,1719189209
486,fenghuang,27.9356,109.5996,22.97,96,100,0.32,CN,1719189210
487,jinchang,38.4953,102.1739,19.71,39,0,4.04,CN,1719189210
488,koryazhma,61.3143,47.1691,7.07,80,100,2.88,RU,1719189210
489,bismarck,46.8083,-100.7837,28.26,55,0,4.12,US,1719189100
490,coquimbo,-29.9533,-71.3436,13.85,74,100,3.6,CL,1719189211
491,sao joao da barra,-21.6403,-41.0511,24.05,88,50,6.95,BR,1719189211
492,murud,18.3258,72.965,25.85,88,96,3.53,IN,1719189211
493,aral,40.5156,81.2636,32.33,9,100,2.32,CN,1719189212
494,goz beida,13.95,20.55,26.95,64,100,6.58,TD,1719189212
495,neklyudovo,56.4114,43.9814,7.99,83,78,2.23,RU,1719189213
496,joshimath,30.5667,79.5667,18.4,74,100,1.83,IN,1719189214
497,windham,41.8334,-72.0001,25.43,83,0,3.6,US,1719189214
498,almeirim,-1.5233,-52.5817,24.56,81,100,0.77,BR,1719189214
499,mhangura,-16.8939,30.1683,9.85,70,0,1.92,ZW,1719189215
500,okakarara,-20.5833,17.4333,8.48,53,0,2.56,NA,1719189215
501,sinjai,-5.1241,120.253,27.03,78,81,2.05,ID,1719189215
502,nuuk,64.1835,-51.7216,3.34,93,100,4.63,GL,1719189216
503,hudiksvall,61.729,17.1036,13.64,70,98,4.19,SE,1719189216
504,longboat key,27.4125,-82.659,29.0,47,0,2.57,US,1719189216
505,ascension,30.2169,-90.9001,34.12,73,75,3.09,US,1719189216
506,notodden,59.5594,9.2585,14.18,73,0,2.44,NO,1719189217
507,nizhniy odes,63.6445,54.856,9.65,81,100,2.51,RU,1719189217
508,el alto,-4.2714,-81.2147,19.81,83,5,5.19,PE,1719189217
509,alvaraes,-3.2208,-64.8042,25.49,81,80,1.42,BR,1719189217
510,ketchikan,55.3422,-131.6461,16.3,63,40,5.66,US,1719189163
511,shalqar,47.8333,59.6,18.4,49,29,7.91,KZ,1719189218
512,filiatra,37.15,21.5833,25.94,90,1,3.25,GR,1719189218
513,novyy urgal,51.0736,132.5642,19.98,47,0,0.99,RU,1719189218
514,antofagasta,-23.65,-70.4,14.6,87,59,1.18,CL,1719189219
515,diego de almagro,-26.3667,-70.05,12.3,54,4,0.18,CL,1719189219
516,nadym,65.5333,72.5167,14.82,88,100,4.9,RU,1719189219
517,panacan,9.2463,118.4082,28.33,74,80,0.8,PH,1719189220
518,erenhot,43.6475,111.9767,21.23,31,98,4.06,CN,1719189220
519,valle de la pascua,9.2155,-66.0073,24.05,93,59,0.53,VE,1719189220
520,salinopolis,-0.6136,-47.3561,26.12,85,100,4.66,BR,1719189220
521,esquel,-42.9,-71.3167,0.55,91,99,0.8,AR,1719189221
522,santiago de tolu,9.5239,-75.5814,26.89,85,43,3.09,CO,1719189221
523,chokwe,-24.5333,32.9833,17.53,78,64,2.9,MZ,1719189221
524,ishpeming,46.4885,-87.6676,19.52,75,100,2.32,US,1719189221
525,howrah,22.5892,88.3103,30.0,89,75,0.0,IN,1719189222
526,mbanza kongo,-6.267,14.2401,18.47,98,60,0.85,AO,1719189222
527,sabha,27.0377,14.4283,29.62,23,0,4.96,LY,1719189222
528,keren,15.7778,38.4581,22.15,74,2,1.55,ER,1719189222
529,conception bay south,47.4999,-52.9981,16.69,74,100,6.08,CA,1719189140
530,nabire,-3.3667,135.4833,29.22,72,100,0.84,ID,1719189223
531,howard springs,-12.497,131.047,23.82,59,5,4.3,AU,1719189224
532,argo,37.6333,22.7333,23.77,39,0,1.95,GR,1719189224
533,bambanglipuro,-7.95,110.2833,26.6,79,100,7.49,ID,1719189224
534,trondheim,63.4305,10.3951,12.03,82,45,2.68,NO,1719189225
535,cidreira,-30.1811,-50.2056,16.58,94,100,5.34,BR,1719189225
536,forster,-32.1667,152.5167,16.27,70,0,1.16,AU,1719189030
537,bikenibeu village,1.3673,173.1241,30.98,74,20,2.57,KI,1719189226
538,sovetsk,55.0839,21.8785,14.66,99,100,2.68,RU,1719189226
539,mammoth lakes,37.6485,-118.9721,26.4,20,40,3.6,US,1719189137
540,volchikha,52.0333,80.3833,25.85,51,94,2.32,RU,1719189227
541,kupang,-10.1667,123.5833,26.33,68,20,6.97,ID,1719189048
542,itaituba,-4.2761,-55.9836,25.44,71,36,0.98,BR,1719189227
543,portel,-1.9356,-50.8211,25.45,70,42,1.33,BR,1719189227
544,aberdeen,57.1437,-2.0981,12.27,95,22,3.09,GB,1719189165
545,vegueta,-11.0231,-77.6431,17.51,81,17,4.62,PE,1719189228
546,manicore,-5.8092,-61.3003,27.04,58,32,0.98,BR,1719189228
547,sarmiento,-45.5882,-69.07,-2.04,83,12,2.81,AR,1719189229
548,island harbour,50.724,-1.2758,15.68,81,2,2.27,GB,1719189229
549,saint-pierre,-21.3393,55.4781,18.82,72,0,2.57,RE,1719189229
550,shingu,33.7333,135.9833,30.55,56,77,3.06,JP,1719189229
551,katsuura,35.1333,140.3,26.02,82,91,6.72,JP,1719189230
552,seven pagodas,12.6264,80.1722,29.51,67,100,4.59,IN,1719189230
553,mata-utu,-13.2816,-176.1745,27.7,65,99,9.92,WF,1719189230
554,tamandare,-8.7597,-35.1047,24.57,79,9,3.15,BR,1719189230
555,mar del plata,-38.0023,-57.5575,8.38,76,40,6.71,AR,1719189154
556,farkhar,36.5729,69.8578,21.09,44,24,2.61,AF,1719189231
557,hargeysa,9.56,44.065,20.38,67,50,14.03,SO,1719189231
558,vanimo,-2.6741,141.3028,27.27,84,100,1.96,PG,1719189231
559,fort-shevchenko,44.5086,50.263,23.04,75,11,4.47,KZ,1719189232
560,siniscola,40.5719,9.6922,19.75,82,7,2.64,IT,1719189232
561,quincy,42.2529,-71.0023,27.33,85,100,6.69,US,1719189232
562,port shepstone,-30.7414,30.455,16.48,81,0,5.41,ZA,1719189233
563,tulun,54.5611,100.5792,16.06,64,0,1.86,RU,1719189233
564,noumea,-22.2763,166.4572,26.99,99,88,3.13,NC,1719189011
565,fruitland,38.3221,-75.6202,32.01,66,0,7.72,US,1719189233
566,envira,-7.3,-70.2167,26.15,70,83,1.0,BR,1719189234
567,darwin,-12.4611,130.8418,23.3,45,0,5.66,AU,1719188784
568,dieppe,49.75,1.1667,14.62,93,2,0.8,FR,1719189234
569,bouar,5.934,15.596,18.75,92,100,0.49,CF,1719189234
570,ilha de mocambique,-15.0342,40.7358,23.5,73,0,7.04,MZ,1719189235
571,tlahualilo de zaragoza,26.1167,-103.45,28.61,44,100,3.66,MX,1719189235
572,bokani,9.4333,5.2,25.19,83,100,1.52,NG,1719189235
573,nantucket,41.2835,-70.0995,23.34,100,100,9.77,US,1719189069
574,praia da vitoria,38.7333,-27.0667,22.14,83,40,2.53,PT,1719189236
575,belgrade,44.804,20.4651,22.81,78,0,3.6,RS,1719189170
576,villanueva,15.3167,-88.0,30.55,70,40,5.66,HN,1719189236
577,deniliquin,-35.5333,144.9667,10.81,59,99,4.03,AU,1719189237
